OSR_ID,OSR_NAME
1,OSR_00038
2,OSR_00048
3,OSR_00055
4,OSR_00042
5,OSR_00011
6,OSR_00032
7,OSR_00034
8,OSR_00054
9,OSR_00057
10,OSR_00056
11,OSR_00013
12,OSR_00036
13,OSR_00030
14,OSR_00046
15,OSR_00005
16,OSR_00014
17,OSR_00022
18,OSR_00028
19,OSR_00041
20,OSR_00051
21,OSR_00023
22,OSR_00015
23,OSR_00020
24,OSR_00035
25,OSR_00043
26,OSR_00060
27,OSR_00059
28,OSR_00029
29,OSR_00045
30,OSR_00024
31,OSR_00010
32,OSR_00019
33,OSR_00018
34,OSR_00058
35,OSR_00044
36,OSR_00040
37,OSR_00049
38,OSR_00031
39,OSR_00026
40,OSR_00006
41,OSR_00053
42,OSR_00004
43,OSR_00039
44,OSR_00003
45,OSR_00007
46,OSR_00017
47,OSR_00002
48,OSR_00033
49,OSR_00012
50,OSR_00050
51,OSR_00025
52,OSR_00047
53,OSR_00021
54,OSR_00037
55,OSR_00001
56,OSR_00008
57,OSR_00016
58,OSR_00052
59,OSR_00027
60,OSR_00009
