Transaction ID,Date,Product,Unit Price,Quantity,Total Price
1000,2025-04-01,Apples,0.75,5,3.75
1001,2025-04-01,Rice,2.0,1,2.0
1002,2025-04-01,Chicken,5.0,3,15.0
1003,2025-04-01,Pasta,1.2,4,4.8
1004,2025-04-01,Bread,1.0,5,5.0
1005,2025-04-01,Bananas,0.3,3,0.9
1006,2025-04-01,Rice,2.0,5,10.0
1007,2025-04-01,Apples,0.75,4,3.0
1008,2025-04-01,Cheese,3.0,3,9.0
1009,2025-04-01,Rice,2.0,4,8.0
1010,2025-04-01,Bananas,0.3,1,0.3
1011,2025-04-01,Eggs,2.5,3,7.5
1012,2025-04-01,Orange Juice,2.8,2,5.6
1013,2025-04-01,Bananas,0.3,4,1.2
1014,2025-04-01,Apples,0.75,1,0.75
1015,2025-04-01,Apples,0.75,4,3.0
1016,2025-04-01,Cheese,3.0,1,3.0
1017,2025-04-01,Cheese,3.0,4,12.0
1018,2025-04-01,Cheese,3.0,2,6.0
1019,2025-04-01,Apples,0.75,3,2.25
1020,2025-04-01,Milk,1.5,5,7.5
1021,2025-04-01,Pasta,1.2,2,2.4
1022,2025-04-01,Orange Juice,2.8,2,5.6
1023,2025-04-01,Bread,1.0,4,4.0
1024,2025-04-01,Eggs,2.5,2,5.0
1025,2025-04-01,Bananas,0.3,2,0.6
1026,2025-04-01,Apples,0.75,2,1.5
1027,2025-04-02,Eggs,2.5,2,5.0
1028,2025-04-02,Rice,2.0,2,4.0
1029,2025-04-02,Cheese,3.0,4,12.0
1030,2025-04-02,Bananas,0.3,5,1.5
1031,2025-04-02,Rice,2.0,5,10.0
1032,2025-04-02,Eggs,2.5,2,5.0
1033,2025-04-02,Orange Juice,2.8,2,5.6
1034,2025-04-02,Chicken,5.0,1,5.0
1035,2025-04-02,Pasta,1.2,4,4.8
1036,2025-04-02,Bananas,0.3,5,1.5
1037,2025-04-02,Apples,0.75,1,0.75
1038,2025-04-02,Bananas,0.3,2,0.6
1039,2025-04-02,Bread,1.0,3,3.0
1040,2025-04-02,Apples,0.75,4,3.0
1041,2025-04-02,Eggs,2.5,5,12.5
1042,2025-04-02,Bananas,0.3,5,1.5
1043,2025-04-02,Orange Juice,2.8,1,2.8
1044,2025-04-02,Chicken,5.0,4,20.0
1045,2025-04-02,Bananas,0.3,5,1.5
1046,2025-04-02,Cheese,3.0,4,12.0
1047,2025-04-02,Rice,2.0,4,8.0
1048,2025-04-02,Orange Juice,2.8,3,8.4
1049,2025-04-02,Rice,2.0,2,4.0
1050,2025-04-02,Cheese,3.0,5,15.0
1051,2025-04-02,Orange Juice,2.8,3,8.4
1052,2025-04-02,Eggs,2.5,4,10.0
1053,2025-04-02,Eggs,2.5,2,5.0
1054,2025-04-02,Milk,1.5,2,3.0
1055,2025-04-02,Bread,1.0,5,5.0
1056,2025-04-02,Orange Juice,2.8,3,8.4
1057,2025-04-02,Pasta,1.2,4,4.8
1058,2025-04-03,Apples,0.75,3,2.25
1059,2025-04-03,Orange Juice,2.8,1,2.8
1060,2025-04-03,Milk,1.5,4,6.0
1061,2025-04-03,Apples,0.75,1,0.75
1062,2025-04-03,Eggs,2.5,4,10.0
1063,2025-04-03,Pasta,1.2,5,6.0
1064,2025-04-03,Pasta,1.2,3,3.6
1065,2025-04-03,Bananas,0.3,3,0.9
1066,2025-04-03,Bread,1.0,2,2.0
1067,2025-04-03,Rice,2.0,1,2.0
1068,2025-04-03,Cheese,3.0,2,6.0
1069,2025-04-03,Cheese,3.0,5,15.0
1070,2025-04-03,Milk,1.5,2,3.0
1071,2025-04-03,Pasta,1.2,3,3.6
1072,2025-04-03,Bread,1.0,4,4.0
1073,2025-04-03,Chicken,5.0,4,20.0
1074,2025-04-03,Milk,1.5,5,7.5
1075,2025-04-03,Chicken,5.0,3,15.0
1076,2025-04-03,Apples,0.75,1,0.75
1077,2025-04-03,Bananas,0.3,4,1.2
1078,2025-04-03,Apples,0.75,5,3.75
1079,2025-04-03,Apples,0.75,5,3.75
1080,2025-04-03,Apples,0.75,5,3.75
1081,2025-04-03,Chicken,5.0,4,20.0
1082,2025-04-03,Pasta,1.2,4,4.8
1083,2025-04-03,Apples,0.75,1,0.75
1084,2025-04-03,Cheese,3.0,3,9.0
1085,2025-04-03,Bananas,0.3,4,1.2
1086,2025-04-04,Apples,0.75,2,1.5
1087,2025-04-04,Cheese,3.0,5,15.0
1088,2025-04-04,Chicken,5.0,1,5.0
1089,2025-04-04,Bananas,0.3,2,0.6
1090,2025-04-04,Milk,1.5,3,4.5
1091,2025-04-04,Bread,1.0,4,4.0
1092,2025-04-04,Bread,1.0,1,1.0
1093,2025-04-04,Rice,2.0,5,10.0
1094,2025-04-04,Cheese,3.0,5,15.0
1095,2025-04-04,Apples,0.75,4,3.0
1096,2025-04-04,Bananas,0.3,5,1.5
1097,2025-04-04,Milk,1.5,2,3.0
1098,2025-04-04,Bread,1.0,5,5.0
1099,2025-04-04,Rice,2.0,1,2.0
1100,2025-04-04,Cheese,3.0,5,15.0
1101,2025-04-04,Bananas,0.3,3,0.9
1102,2025-04-04,Eggs,2.5,2,5.0
1103,2025-04-04,Pasta,1.2,2,2.4
1104,2025-04-04,Eggs,2.5,1,2.5
1105,2025-04-04,Bread,1.0,1,1.0
1106,2025-04-04,Orange Juice,2.8,3,8.4
1107,2025-04-04,Eggs,2.5,4,10.0
1108,2025-04-04,Apples,0.75,2,1.5
1109,2025-04-04,Rice,2.0,2,4.0
1110,2025-04-04,Bread,1.0,1,1.0
1111,2025-04-04,Eggs,2.5,3,7.5
1112,2025-04-04,Pasta,1.2,1,1.2
1113,2025-04-04,Chicken,5.0,4,20.0
1114,2025-04-04,Milk,1.5,4,6.0
1115,2025-04-04,Eggs,2.5,3,7.5
1116,2025-04-04,Apples,0.75,2,1.5
1117,2025-04-04,Apples,0.75,2,1.5
1118,2025-04-04,Bread,1.0,2,2.0
1119,2025-04-04,Pasta,1.2,2,2.4
1120,2025-04-04,Eggs,2.5,4,10.0
1121,2025-04-05,Orange Juice,2.8,3,8.4
1122,2025-04-05,Eggs,2.5,1,2.5
1123,2025-04-05,Rice,2.0,2,4.0
1124,2025-04-05,Bread,1.0,2,2.0
1125,2025-04-05,Chicken,5.0,5,25.0
1126,2025-04-05,Milk,1.5,5,7.5
1127,2025-04-05,Rice,2.0,3,6.0
1128,2025-04-05,Rice,2.0,4,8.0
1129,2025-04-05,Bread,1.0,5,5.0
1130,2025-04-05,Chicken,5.0,2,10.0
1131,2025-04-05,Orange Juice,2.8,5,14.0
1132,2025-04-05,Milk,1.5,1,1.5
1133,2025-04-05,Cheese,3.0,3,9.0
1134,2025-04-05,Bread,1.0,1,1.0
1135,2025-04-05,Milk,1.5,1,1.5
1136,2025-04-05,Bread,1.0,2,2.0
1137,2025-04-05,Apples,0.75,4,3.0
1138,2025-04-05,Bananas,0.3,3,0.9
1139,2025-04-05,Rice,2.0,3,6.0
1140,2025-04-05,Eggs,2.5,2,5.0
1141,2025-04-05,Milk,1.5,2,3.0
1142,2025-04-05,Chicken,5.0,2,10.0
1143,2025-04-05,Chicken,5.0,4,20.0
1144,2025-04-05,Orange Juice,2.8,3,8.4
1145,2025-04-05,Eggs,2.5,3,7.5
1146,2025-04-05,Milk,1.5,5,7.5
1147,2025-04-05,Milk,1.5,4,6.0
1148,2025-04-05,Pasta,1.2,4,4.8
1149,2025-04-05,Pasta,1.2,2,2.4
1150,2025-04-05,Pasta,1.2,5,6.0
1151,2025-04-05,Bananas,0.3,5,1.5
1152,2025-04-05,Rice,2.0,5,10.0
1153,2025-04-05,Bananas,0.3,2,0.6
1154,2025-04-05,Eggs,2.5,2,5.0
1155,2025-04-05,Milk,1.5,1,1.5
1156,2025-04-05,Orange Juice,2.8,1,2.8
1157,2025-04-05,Milk,1.5,1,1.5
1158,2025-04-05,Bananas,0.3,2,0.6
1159,2025-04-05,Bread,1.0,4,4.0
1160,2025-04-05,Rice,2.0,3,6.0
1161,2025-04-06,Orange Juice,2.8,1,2.8
1162,2025-04-06,Cheese,3.0,4,12.0
1163,2025-04-06,Milk,1.5,1,1.5
1164,2025-04-06,Milk,1.5,3,4.5
1165,2025-04-06,Rice,2.0,5,10.0
1166,2025-04-06,Cheese,3.0,5,15.0
1167,2025-04-06,Bananas,0.3,2,0.6
1168,2025-04-06,Pasta,1.2,4,4.8
1169,2025-04-06,Apples,0.75,2,1.5
1170,2025-04-06,Pasta,1.2,5,6.0
1171,2025-04-06,Pasta,1.2,4,4.8
1172,2025-04-06,Bananas,0.3,5,1.5
1173,2025-04-06,Rice,2.0,4,8.0
1174,2025-04-06,Orange Juice,2.8,1,2.8
1175,2025-04-06,Milk,1.5,3,4.5
1176,2025-04-06,Cheese,3.0,4,12.0
1177,2025-04-06,Bananas,0.3,3,0.9
1178,2025-04-06,Apples,0.75,2,1.5
1179,2025-04-06,Bread,1.0,5,5.0
1180,2025-04-06,Apples,0.75,2,1.5
1181,2025-04-06,Orange Juice,2.8,5,14.0
1182,2025-04-06,Chicken,5.0,2,10.0
1183,2025-04-06,Bread,1.0,4,4.0
1184,2025-04-06,Orange Juice,2.8,3,8.4
1185,2025-04-06,Cheese,3.0,4,12.0
1186,2025-04-06,Chicken,5.0,3,15.0
1187,2025-04-06,Milk,1.5,2,3.0
1188,2025-04-06,Eggs,2.5,4,10.0
1189,2025-04-06,Cheese,3.0,4,12.0
1190,2025-04-06,Bananas,0.3,1,0.3
1191,2025-04-07,Milk,1.5,4,6.0
1192,2025-04-07,Apples,0.75,2,1.5
1193,2025-04-07,Apples,0.75,2,1.5
1194,2025-04-07,Bread,1.0,3,3.0
1195,2025-04-07,Chicken,5.0,2,10.0
1196,2025-04-07,Eggs,2.5,2,5.0
1197,2025-04-07,Pasta,1.2,3,3.6
1198,2025-04-07,Bread,1.0,1,1.0
1199,2025-04-07,Rice,2.0,1,2.0
1200,2025-04-07,Bread,1.0,4,4.0
1201,2025-04-07,Eggs,2.5,2,5.0
1202,2025-04-07,Bananas,0.3,1,0.3
1203,2025-04-07,Cheese,3.0,2,6.0
1204,2025-04-07,Apples,0.75,2,1.5
1205,2025-04-07,Apples,0.75,2,1.5
1206,2025-04-07,Pasta,1.2,5,6.0
1207,2025-04-07,Chicken,5.0,4,20.0
1208,2025-04-07,Bread,1.0,3,3.0
1209,2025-04-07,Apples,0.75,2,1.5
1210,2025-04-07,Milk,1.5,3,4.5
1211,2025-04-07,Bread,1.0,3,3.0
1212,2025-04-07,Cheese,3.0,4,12.0
1213,2025-04-07,Chicken,5.0,1,5.0
1214,2025-04-07,Rice,2.0,1,2.0
1215,2025-04-07,Milk,1.5,5,7.5
1216,2025-04-07,Pasta,1.2,2,2.4
1217,2025-04-07,Chicken,5.0,2,10.0
1218,2025-04-07,Milk,1.5,1,1.5
1219,2025-04-07,Pasta,1.2,4,4.8
1220,2025-04-08,Chicken,5.0,3,15.0
1221,2025-04-08,Apples,0.75,5,3.75
1222,2025-04-08,Bananas,0.3,3,0.9
1223,2025-04-08,Apples,0.75,5,3.75
1224,2025-04-08,Rice,2.0,4,8.0
1225,2025-04-08,Orange Juice,2.8,4,11.2
1226,2025-04-08,Apples,0.75,2,1.5
1227,2025-04-08,Bread,1.0,2,2.0
1228,2025-04-08,Bread,1.0,4,4.0
1229,2025-04-08,Eggs,2.5,5,12.5
1230,2025-04-08,Bananas,0.3,4,1.2
1231,2025-04-08,Eggs,2.5,3,7.5
1232,2025-04-08,Rice,2.0,5,10.0
1233,2025-04-08,Pasta,1.2,2,2.4
1234,2025-04-08,Chicken,5.0,5,25.0
1235,2025-04-08,Eggs,2.5,5,12.5
1236,2025-04-08,Bread,1.0,4,4.0
1237,2025-04-08,Chicken,5.0,3,15.0
1238,2025-04-08,Apples,0.75,5,3.75
1239,2025-04-08,Cheese,3.0,3,9.0
1240,2025-04-08,Cheese,3.0,3,9.0
1241,2025-04-08,Orange Juice,2.8,2,5.6
1242,2025-04-08,Pasta,1.2,1,1.2
1243,2025-04-08,Rice,2.0,4,8.0
1244,2025-04-08,Rice,2.0,4,8.0
1245,2025-04-08,Orange Juice,2.8,5,14.0
1246,2025-04-08,Eggs,2.5,4,10.0
1247,2025-04-08,Milk,1.5,1,1.5
1248,2025-04-08,Milk,1.5,2,3.0
1249,2025-04-08,Rice,2.0,5,10.0
1250,2025-04-08,Rice,2.0,3,6.0
1251,2025-04-08,Bread,1.0,1,1.0
1252,2025-04-08,Orange Juice,2.8,1,2.8
1253,2025-04-08,Chicken,5.0,4,20.0
1254,2025-04-08,Milk,1.5,5,7.5
1255,2025-04-08,Bread,1.0,2,2.0
1256,2025-04-09,Milk,1.5,3,4.5
1257,2025-04-09,Bananas,0.3,3,0.9
1258,2025-04-09,Cheese,3.0,2,6.0
1259,2025-04-09,Bread,1.0,4,4.0
1260,2025-04-09,Cheese,3.0,5,15.0
1261,2025-04-09,Eggs,2.5,5,12.5
1262,2025-04-09,Bananas,0.3,3,0.9
1263,2025-04-09,Chicken,5.0,3,15.0
1264,2025-04-09,Apples,0.75,4,3.0
1265,2025-04-09,Orange Juice,2.8,3,8.4
1266,2025-04-09,Eggs,2.5,1,2.5
1267,2025-04-09,Rice,2.0,1,2.0
1268,2025-04-09,Cheese,3.0,4,12.0
1269,2025-04-09,Bread,1.0,5,5.0
1270,2025-04-09,Bananas,0.3,3,0.9
1271,2025-04-09,Apples,0.75,5,3.75
1272,2025-04-09,Cheese,3.0,5,15.0
1273,2025-04-09,Rice,2.0,2,4.0
1274,2025-04-09,Orange Juice,2.8,3,8.4
1275,2025-04-09,Apples,0.75,5,3.75
1276,2025-04-09,Orange Juice,2.8,3,8.4
1277,2025-04-09,Milk,1.5,5,7.5
1278,2025-04-09,Chicken,5.0,3,15.0
1279,2025-04-09,Apples,0.75,2,1.5
1280,2025-04-09,Eggs,2.5,2,5.0
1281,2025-04-09,Cheese,3.0,2,6.0
1282,2025-04-10,Cheese,3.0,4,12.0
1283,2025-04-10,Bread,1.0,5,5.0
1284,2025-04-10,Bananas,0.3,4,1.2
1285,2025-04-10,Pasta,1.2,4,4.8
1286,2025-04-10,Apples,0.75,3,2.25
1287,2025-04-10,Cheese,3.0,2,6.0
1288,2025-04-10,Apples,0.75,1,0.75
1289,2025-04-10,Cheese,3.0,5,15.0
1290,2025-04-10,Milk,1.5,4,6.0
1291,2025-04-10,Apples,0.75,3,2.25
1292,2025-04-10,Rice,2.0,2,4.0
1293,2025-04-10,Bread,1.0,5,5.0
1294,2025-04-10,Pasta,1.2,5,6.0
1295,2025-04-10,Cheese,3.0,2,6.0
1296,2025-04-10,Chicken,5.0,2,10.0
1297,2025-04-10,Rice,2.0,5,10.0
1298,2025-04-10,Eggs,2.5,5,12.5
1299,2025-04-10,Orange Juice,2.8,3,8.4
1300,2025-04-10,Eggs,2.5,4,10.0
1301,2025-04-10,Apples,0.75,2,1.5
1302,2025-04-10,Chicken,5.0,4,20.0
1303,2025-04-10,Bananas,0.3,5,1.5
1304,2025-04-10,Chicken,5.0,5,25.0
1305,2025-04-10,Cheese,3.0,3,9.0
1306,2025-04-10,Bananas,0.3,3,0.9
1307,2025-04-10,Milk,1.5,4,6.0
1308,2025-04-10,Milk,1.5,5,7.5
1309,2025-04-10,Cheese,3.0,1,3.0
1310,2025-04-10,Bananas,0.3,4,1.2
1311,2025-04-10,Orange Juice,2.8,2,5.6
1312,2025-04-10,Bread,1.0,4,4.0
1313,2025-04-10,Rice,2.0,4,8.0
1314,2025-04-10,Eggs,2.5,5,12.5
1315,2025-04-10,Eggs,2.5,4,10.0
1316,2025-04-10,Cheese,3.0,3,9.0
1317,2025-04-10,Bananas,0.3,3,0.9
1318,2025-04-10,Bananas,0.3,3,0.9
1319,2025-04-10,Bread,1.0,4,4.0
1320,2025-04-11,Eggs,2.5,5,12.5
1321,2025-04-11,Cheese,3.0,3,9.0
1322,2025-04-11,Pasta,1.2,4,4.8
1323,2025-04-11,Bread,1.0,3,3.0
1324,2025-04-11,Eggs,2.5,3,7.5
1325,2025-04-11,Cheese,3.0,2,6.0
1326,2025-04-11,Chicken,5.0,5,25.0
1327,2025-04-11,Bread,1.0,5,5.0
1328,2025-04-11,Cheese,3.0,2,6.0
1329,2025-04-11,Cheese,3.0,2,6.0
1330,2025-04-11,Chicken,5.0,5,25.0
1331,2025-04-11,Bananas,0.3,4,1.2
1332,2025-04-11,Milk,1.5,4,6.0
1333,2025-04-11,Cheese,3.0,1,3.0
1334,2025-04-11,Bananas,0.3,4,1.2
1335,2025-04-11,Orange Juice,2.8,1,2.8
1336,2025-04-11,Bananas,0.3,3,0.9
1337,2025-04-11,Eggs,2.5,4,10.0
1338,2025-04-11,Bananas,0.3,2,0.6
1339,2025-04-11,Bread,1.0,4,4.0
1340,2025-04-11,Apples,0.75,5,3.75
1341,2025-04-11,Cheese,3.0,4,12.0
1342,2025-04-11,Pasta,1.2,5,6.0
1343,2025-04-11,Milk,1.5,4,6.0
1344,2025-04-11,Rice,2.0,5,10.0
1345,2025-04-11,Bread,1.0,4,4.0
1346,2025-04-11,Apples,0.75,1,0.75
1347,2025-04-11,Milk,1.5,3,4.5
1348,2025-04-11,Orange Juice,2.8,5,14.0
1349,2025-04-11,Apples,0.75,5,3.75
1350,2025-04-11,Bread,1.0,1,1.0
1351,2025-04-11,Apples,0.75,5,3.75
1352,2025-04-11,Pasta,1.2,3,3.6
1353,2025-04-11,Cheese,3.0,1,3.0
1354,2025-04-11,Rice,2.0,5,10.0
1355,2025-04-11,Milk,1.5,5,7.5
1356,2025-04-11,Eggs,2.5,5,12.5
1357,2025-04-11,Milk,1.5,3,4.5
1358,2025-04-11,Eggs,2.5,2,5.0
1359,2025-04-11,Apples,0.75,5,3.75
1360,2025-04-11,Apples,0.75,4,3.0
1361,2025-04-11,Rice,2.0,3,6.0
1362,2025-04-11,Bread,1.0,5,5.0
1363,2025-04-11,Eggs,2.5,3,7.5
1364,2025-04-11,Pasta,1.2,4,4.8
1365,2025-04-11,Orange Juice,2.8,4,11.2
1366,2025-04-11,Bananas,0.3,5,1.5
1367,2025-04-11,Bananas,0.3,2,0.6
1368,2025-04-11,Chicken,5.0,4,20.0
1369,2025-04-11,Chicken,5.0,1,5.0
1370,2025-04-12,Milk,1.5,4,6.0
1371,2025-04-12,Chicken,5.0,1,5.0
1372,2025-04-12,Rice,2.0,5,10.0
1373,2025-04-12,Rice,2.0,1,2.0
1374,2025-04-12,Eggs,2.5,4,10.0
1375,2025-04-12,Apples,0.75,3,2.25
1376,2025-04-12,Bread,1.0,5,5.0
1377,2025-04-12,Rice,2.0,3,6.0
1378,2025-04-12,Rice,2.0,5,10.0
1379,2025-04-12,Cheese,3.0,5,15.0
1380,2025-04-12,Orange Juice,2.8,5,14.0
1381,2025-04-12,Orange Juice,2.8,1,2.8
1382,2025-04-12,Eggs,2.5,1,2.5
1383,2025-04-12,Milk,1.5,1,1.5
1384,2025-04-12,Chicken,5.0,4,20.0
1385,2025-04-12,Apples,0.75,1,0.75
1386,2025-04-12,Bananas,0.3,3,0.9
1387,2025-04-12,Bread,1.0,4,4.0
1388,2025-04-12,Eggs,2.5,1,2.5
1389,2025-04-12,Chicken,5.0,2,10.0
1390,2025-04-12,Bread,1.0,1,1.0
1391,2025-04-12,Apples,0.75,5,3.75
1392,2025-04-12,Apples,0.75,2,1.5
1393,2025-04-12,Milk,1.5,4,6.0
1394,2025-04-12,Apples,0.75,4,3.0
1395,2025-04-12,Pasta,1.2,5,6.0
1396,2025-04-13,Eggs,2.5,4,10.0
1397,2025-04-13,Cheese,3.0,5,15.0
1398,2025-04-13,Pasta,1.2,4,4.8
1399,2025-04-13,Bananas,0.3,1,0.3
1400,2025-04-13,Apples,0.75,4,3.0
1401,2025-04-13,Rice,2.0,5,10.0
1402,2025-04-13,Orange Juice,2.8,1,2.8
1403,2025-04-13,Orange Juice,2.8,1,2.8
1404,2025-04-13,Cheese,3.0,5,15.0
1405,2025-04-13,Apples,0.75,1,0.75
1406,2025-04-13,Rice,2.0,2,4.0
1407,2025-04-13,Pasta,1.2,2,2.4
1408,2025-04-13,Milk,1.5,5,7.5
1409,2025-04-13,Orange Juice,2.8,2,5.6
1410,2025-04-13,Cheese,3.0,1,3.0
1411,2025-04-13,Chicken,5.0,3,15.0
1412,2025-04-13,Pasta,1.2,5,6.0
1413,2025-04-13,Milk,1.5,1,1.5
1414,2025-04-13,Apples,0.75,5,3.75
1415,2025-04-13,Eggs,2.5,4,10.0
1416,2025-04-13,Cheese,3.0,3,9.0
1417,2025-04-13,Rice,2.0,2,4.0
1418,2025-04-13,Rice,2.0,2,4.0
1419,2025-04-13,Pasta,1.2,3,3.6
1420,2025-04-13,Chicken,5.0,4,20.0
1421,2025-04-13,Bread,1.0,2,2.0
1422,2025-04-13,Rice,2.0,3,6.0
1423,2025-04-13,Orange Juice,2.8,3,8.4
1424,2025-04-13,Apples,0.75,1,0.75
1425,2025-04-13,Bread,1.0,2,2.0
1426,2025-04-13,Bananas,0.3,2,0.6
1427,2025-04-13,Rice,2.0,5,10.0
1428,2025-04-13,Rice,2.0,4,8.0
1429,2025-04-13,Orange Juice,2.8,3,8.4
1430,2025-04-13,Cheese,3.0,4,12.0
1431,2025-04-13,Rice,2.0,1,2.0
1432,2025-04-13,Rice,2.0,2,4.0
1433,2025-04-13,Bread,1.0,2,2.0
1434,2025-04-13,Rice,2.0,5,10.0
1435,2025-04-13,Bread,1.0,5,5.0
1436,2025-04-13,Apples,0.75,3,2.25
1437,2025-04-13,Chicken,5.0,4,20.0
1438,2025-04-13,Chicken,5.0,2,10.0
1439,2025-04-13,Pasta,1.2,4,4.8
1440,2025-04-13,Bread,1.0,1,1.0
1441,2025-04-13,Cheese,3.0,2,6.0
1442,2025-04-13,Chicken,5.0,5,25.0
1443,2025-04-13,Apples,0.75,5,3.75
1444,2025-04-13,Bananas,0.3,5,1.5
1445,2025-04-14,Rice,2.0,2,4.0
1446,2025-04-14,Bananas,0.3,1,0.3
1447,2025-04-14,Chicken,5.0,2,10.0
1448,2025-04-14,Pasta,1.2,4,4.8
1449,2025-04-14,Rice,2.0,5,10.0
1450,2025-04-14,Bread,1.0,5,5.0
1451,2025-04-14,Chicken,5.0,1,5.0
1452,2025-04-14,Cheese,3.0,3,9.0
1453,2025-04-14,Rice,2.0,5,10.0
1454,2025-04-14,Bread,1.0,4,4.0
1455,2025-04-14,Apples,0.75,2,1.5
1456,2025-04-14,Bananas,0.3,5,1.5
1457,2025-04-14,Orange Juice,2.8,2,5.6
1458,2025-04-14,Bread,1.0,3,3.0
1459,2025-04-14,Pasta,1.2,3,3.6
1460,2025-04-14,Rice,2.0,5,10.0
1461,2025-04-14,Orange Juice,2.8,2,5.6
1462,2025-04-14,Pasta,1.2,2,2.4
1463,2025-04-14,Apples,0.75,2,1.5
1464,2025-04-14,Bread,1.0,5,5.0
1465,2025-04-14,Cheese,3.0,2,6.0
1466,2025-04-14,Bananas,0.3,2,0.6
1467,2025-04-14,Rice,2.0,5,10.0
1468,2025-04-14,Cheese,3.0,2,6.0
1469,2025-04-14,Apples,0.75,1,0.75
1470,2025-04-14,Chicken,5.0,5,25.0
1471,2025-04-14,Chicken,5.0,1,5.0
1472,2025-04-14,Milk,1.5,1,1.5
1473,2025-04-15,Bread,1.0,1,1.0
1474,2025-04-15,Eggs,2.5,3,7.5
1475,2025-04-15,Apples,0.75,1,0.75
1476,2025-04-15,Pasta,1.2,3,3.6
1477,2025-04-15,Chicken,5.0,1,5.0
1478,2025-04-15,Milk,1.5,2,3.0
1479,2025-04-15,Rice,2.0,2,4.0
1480,2025-04-15,Cheese,3.0,3,9.0
1481,2025-04-15,Milk,1.5,1,1.5
1482,2025-04-15,Cheese,3.0,5,15.0
1483,2025-04-15,Cheese,3.0,2,6.0
1484,2025-04-15,Bananas,0.3,2,0.6
1485,2025-04-15,Eggs,2.5,1,2.5
1486,2025-04-15,Bananas,0.3,4,1.2
1487,2025-04-15,Bananas,0.3,5,1.5
1488,2025-04-15,Bread,1.0,2,2.0
1489,2025-04-15,Bananas,0.3,5,1.5
1490,2025-04-15,Eggs,2.5,4,10.0
1491,2025-04-15,Bread,1.0,5,5.0
1492,2025-04-15,Rice,2.0,1,2.0
1493,2025-04-15,Bread,1.0,5,5.0
1494,2025-04-15,Bananas,0.3,4,1.2
1495,2025-04-15,Orange Juice,2.8,1,2.8
1496,2025-04-15,Pasta,1.2,5,6.0
1497,2025-04-15,Eggs,2.5,4,10.0
1498,2025-04-15,Rice,2.0,2,4.0
1499,2025-04-15,Bananas,0.3,3,0.9
1500,2025-04-15,Cheese,3.0,3,9.0
1501,2025-04-15,Milk,1.5,1,1.5
1502,2025-04-15,Apples,0.75,4,3.0
1503,2025-04-15,Cheese,3.0,2,6.0
1504,2025-04-16,Pasta,1.2,5,6.0
1505,2025-04-16,Bread,1.0,2,2.0
1506,2025-04-16,Milk,1.5,4,6.0
1507,2025-04-16,Bread,1.0,5,5.0
1508,2025-04-16,Milk,1.5,5,7.5
1509,2025-04-16,Bananas,0.3,3,0.9
1510,2025-04-16,Pasta,1.2,2,2.4
1511,2025-04-16,Orange Juice,2.8,4,11.2
1512,2025-04-16,Orange Juice,2.8,1,2.8
1513,2025-04-16,Bread,1.0,5,5.0
1514,2025-04-16,Rice,2.0,4,8.0
1515,2025-04-16,Bananas,0.3,4,1.2
1516,2025-04-16,Cheese,3.0,3,9.0
1517,2025-04-16,Orange Juice,2.8,4,11.2
1518,2025-04-16,Bananas,0.3,3,0.9
1519,2025-04-16,Chicken,5.0,2,10.0
1520,2025-04-16,Rice,2.0,5,10.0
1521,2025-04-16,Chicken,5.0,5,25.0
1522,2025-04-16,Bread,1.0,5,5.0
1523,2025-04-16,Milk,1.5,3,4.5
1524,2025-04-16,Milk,1.5,2,3.0
1525,2025-04-16,Rice,2.0,5,10.0
1526,2025-04-16,Cheese,3.0,2,6.0
1527,2025-04-16,Pasta,1.2,5,6.0
1528,2025-04-17,Eggs,2.5,4,10.0
1529,2025-04-17,Chicken,5.0,1,5.0
1530,2025-04-17,Bananas,0.3,4,1.2
1531,2025-04-17,Orange Juice,2.8,4,11.2
1532,2025-04-17,Rice,2.0,1,2.0
1533,2025-04-17,Chicken,5.0,1,5.0
1534,2025-04-17,Cheese,3.0,4,12.0
1535,2025-04-17,Chicken,5.0,4,20.0
1536,2025-04-17,Cheese,3.0,4,12.0
1537,2025-04-17,Orange Juice,2.8,3,8.4
1538,2025-04-17,Milk,1.5,1,1.5
1539,2025-04-17,Pasta,1.2,3,3.6
1540,2025-04-17,Bread,1.0,1,1.0
1541,2025-04-17,Eggs,2.5,4,10.0
1542,2025-04-17,Pasta,1.2,2,2.4
1543,2025-04-17,Rice,2.0,4,8.0
1544,2025-04-17,Pasta,1.2,5,6.0
1545,2025-04-17,Rice,2.0,2,4.0
1546,2025-04-17,Chicken,5.0,5,25.0
1547,2025-04-17,Chicken,5.0,1,5.0
1548,2025-04-17,Rice,2.0,4,8.0
1549,2025-04-17,Rice,2.0,3,6.0
1550,2025-04-17,Rice,2.0,2,4.0
1551,2025-04-17,Bread,1.0,1,1.0
1552,2025-04-17,Cheese,3.0,5,15.0
1553,2025-04-17,Orange Juice,2.8,5,14.0
1554,2025-04-17,Pasta,1.2,3,3.6
1555,2025-04-17,Cheese,3.0,3,9.0
1556,2025-04-17,Milk,1.5,4,6.0
1557,2025-04-17,Orange Juice,2.8,1,2.8
1558,2025-04-17,Chicken,5.0,3,15.0
1559,2025-04-17,Milk,1.5,5,7.5
1560,2025-04-18,Apples,0.75,5,3.75
1561,2025-04-18,Chicken,5.0,1,5.0
1562,2025-04-18,Apples,0.75,2,1.5
1563,2025-04-18,Bread,1.0,1,1.0
1564,2025-04-18,Rice,2.0,1,2.0
1565,2025-04-18,Chicken,5.0,5,25.0
1566,2025-04-18,Pasta,1.2,3,3.6
1567,2025-04-18,Chicken,5.0,3,15.0
1568,2025-04-18,Chicken,5.0,5,25.0
1569,2025-04-18,Pasta,1.2,2,2.4
1570,2025-04-18,Cheese,3.0,2,6.0
1571,2025-04-18,Pasta,1.2,2,2.4
1572,2025-04-18,Bread,1.0,1,1.0
1573,2025-04-18,Apples,0.75,1,0.75
1574,2025-04-18,Bananas,0.3,3,0.9
1575,2025-04-18,Pasta,1.2,4,4.8
1576,2025-04-18,Bananas,0.3,5,1.5
1577,2025-04-18,Eggs,2.5,3,7.5
1578,2025-04-18,Eggs,2.5,2,5.0
1579,2025-04-18,Orange Juice,2.8,3,8.4
1580,2025-04-18,Chicken,5.0,4,20.0
1581,2025-04-18,Eggs,2.5,5,12.5
1582,2025-04-18,Eggs,2.5,5,12.5
1583,2025-04-18,Eggs,2.5,3,7.5
1584,2025-04-18,Rice,2.0,3,6.0
1585,2025-04-18,Orange Juice,2.8,1,2.8
1586,2025-04-18,Milk,1.5,1,1.5
1587,2025-04-18,Cheese,3.0,2,6.0
1588,2025-04-18,Pasta,1.2,4,4.8
1589,2025-04-18,Bread,1.0,1,1.0
1590,2025-04-18,Cheese,3.0,1,3.0
1591,2025-04-18,Milk,1.5,1,1.5
1592,2025-04-18,Rice,2.0,1,2.0
1593,2025-04-18,Cheese,3.0,3,9.0
1594,2025-04-18,Orange Juice,2.8,3,8.4
1595,2025-04-18,Cheese,3.0,5,15.0
1596,2025-04-19,Orange Juice,2.8,3,8.4
1597,2025-04-19,Bananas,0.3,3,0.9
1598,2025-04-19,Bread,1.0,2,2.0
1599,2025-04-19,Milk,1.5,3,4.5
1600,2025-04-19,Orange Juice,2.8,1,2.8
1601,2025-04-19,Cheese,3.0,2,6.0
1602,2025-04-19,Eggs,2.5,1,2.5
1603,2025-04-19,Apples,0.75,2,1.5
1604,2025-04-19,Rice,2.0,3,6.0
1605,2025-04-19,Chicken,5.0,4,20.0
1606,2025-04-19,Cheese,3.0,2,6.0
1607,2025-04-19,Chicken,5.0,2,10.0
1608,2025-04-19,Eggs,2.5,2,5.0
1609,2025-04-19,Milk,1.5,3,4.5
1610,2025-04-19,Pasta,1.2,1,1.2
1611,2025-04-19,Orange Juice,2.8,4,11.2
1612,2025-04-19,Rice,2.0,4,8.0
1613,2025-04-19,Pasta,1.2,1,1.2
1614,2025-04-19,Bananas,0.3,2,0.6
1615,2025-04-19,Cheese,3.0,4,12.0
1616,2025-04-19,Rice,2.0,3,6.0
1617,2025-04-19,Chicken,5.0,2,10.0
1618,2025-04-19,Chicken,5.0,2,10.0
1619,2025-04-19,Milk,1.5,2,3.0
1620,2025-04-19,Bread,1.0,5,5.0
1621,2025-04-19,Eggs,2.5,4,10.0
1622,2025-04-19,Pasta,1.2,2,2.4
1623,2025-04-19,Eggs,2.5,1,2.5
1624,2025-04-19,Rice,2.0,1,2.0
1625,2025-04-19,Pasta,1.2,3,3.6
1626,2025-04-19,Bread,1.0,5,5.0
1627,2025-04-19,Cheese,3.0,5,15.0
1628,2025-04-19,Orange Juice,2.8,4,11.2
1629,2025-04-19,Cheese,3.0,3,9.0
1630,2025-04-19,Cheese,3.0,2,6.0
1631,2025-04-19,Cheese,3.0,4,12.0
1632,2025-04-19,Milk,1.5,5,7.5
1633,2025-04-19,Bananas,0.3,2,0.6
1634,2025-04-19,Apples,0.75,1,0.75
1635,2025-04-19,Eggs,2.5,4,10.0
1636,2025-04-19,Eggs,2.5,1,2.5
1637,2025-04-19,Pasta,1.2,1,1.2
1638,2025-04-19,Chicken,5.0,2,10.0
1639,2025-04-19,Cheese,3.0,3,9.0
1640,2025-04-19,Chicken,5.0,5,25.0
1641,2025-04-19,Milk,1.5,2,3.0
1642,2025-04-19,Bananas,0.3,4,1.2
1643,2025-04-20,Eggs,2.5,4,10.0
1644,2025-04-20,Milk,1.5,5,7.5
1645,2025-04-20,Pasta,1.2,1,1.2
1646,2025-04-20,Chicken,5.0,4,20.0
1647,2025-04-20,Bananas,0.3,1,0.3
1648,2025-04-20,Cheese,3.0,4,12.0
1649,2025-04-20,Apples,0.75,2,1.5
1650,2025-04-20,Rice,2.0,4,8.0
1651,2025-04-20,Apples,0.75,1,0.75
1652,2025-04-20,Cheese,3.0,2,6.0
1653,2025-04-20,Pasta,1.2,4,4.8
1654,2025-04-20,Chicken,5.0,4,20.0
1655,2025-04-20,Milk,1.5,5,7.5
1656,2025-04-20,Apples,0.75,2,1.5
1657,2025-04-20,Chicken,5.0,1,5.0
1658,2025-04-20,Orange Juice,2.8,5,14.0
1659,2025-04-20,Orange Juice,2.8,1,2.8
1660,2025-04-20,Chicken,5.0,5,25.0
1661,2025-04-20,Bread,1.0,2,2.0
1662,2025-04-20,Pasta,1.2,4,4.8
1663,2025-04-20,Orange Juice,2.8,1,2.8
1664,2025-04-20,Bread,1.0,5,5.0
1665,2025-04-20,Milk,1.5,5,7.5
1666,2025-04-20,Milk,1.5,1,1.5
1667,2025-04-20,Apples,0.75,3,2.25
1668,2025-04-20,Cheese,3.0,2,6.0
1669,2025-04-20,Eggs,2.5,5,12.5
1670,2025-04-20,Rice,2.0,4,8.0
1671,2025-04-20,Chicken,5.0,2,10.0
1672,2025-04-20,Bananas,0.3,4,1.2
1673,2025-04-20,Orange Juice,2.8,3,8.4
1674,2025-04-20,Bananas,0.3,1,0.3
1675,2025-04-20,Chicken,5.0,4,20.0
1676,2025-04-20,Pasta,1.2,1,1.2
1677,2025-04-20,Rice,2.0,2,4.0
1678,2025-04-20,Rice,2.0,5,10.0
1679,2025-04-20,Rice,2.0,1,2.0
1680,2025-04-20,Bananas,0.3,3,0.9
1681,2025-04-20,Eggs,2.5,2,5.0
1682,2025-04-20,Cheese,3.0,3,9.0
1683,2025-04-20,Rice,2.0,3,6.0
1684,2025-04-20,Chicken,5.0,1,5.0
1685,2025-04-20,Pasta,1.2,3,3.6
1686,2025-04-20,Chicken,5.0,3,15.0
1687,2025-04-20,Apples,0.75,5,3.75
1688,2025-04-20,Chicken,5.0,5,25.0
1689,2025-04-20,Orange Juice,2.8,4,11.2
1690,2025-04-20,Bananas,0.3,2,0.6
1691,2025-04-20,Bread,1.0,3,3.0
1692,2025-04-20,Apples,0.75,1,0.75
1693,2025-04-21,Bread,1.0,2,2.0
1694,2025-04-21,Milk,1.5,3,4.5
1695,2025-04-21,Rice,2.0,1,2.0
1696,2025-04-21,Orange Juice,2.8,4,11.2
1697,2025-04-21,Milk,1.5,1,1.5
1698,2025-04-21,Eggs,2.5,1,2.5
1699,2025-04-21,Apples,0.75,2,1.5
1700,2025-04-21,Pasta,1.2,4,4.8
1701,2025-04-21,Pasta,1.2,5,6.0
1702,2025-04-21,Milk,1.5,4,6.0
1703,2025-04-21,Eggs,2.5,1,2.5
1704,2025-04-21,Eggs,2.5,2,5.0
1705,2025-04-21,Chicken,5.0,1,5.0
1706,2025-04-21,Apples,0.75,3,2.25
1707,2025-04-21,Rice,2.0,4,8.0
1708,2025-04-21,Cheese,3.0,3,9.0
1709,2025-04-21,Rice,2.0,2,4.0
1710,2025-04-21,Milk,1.5,3,4.5
1711,2025-04-21,Orange Juice,2.8,2,5.6
1712,2025-04-21,Orange Juice,2.8,3,8.4
1713,2025-04-21,Pasta,1.2,3,3.6
1714,2025-04-21,Bread,1.0,5,5.0
1715,2025-04-21,Bread,1.0,5,5.0
1716,2025-04-21,Bananas,0.3,4,1.2
1717,2025-04-21,Eggs,2.5,3,7.5
1718,2025-04-21,Eggs,2.5,4,10.0
1719,2025-04-21,Pasta,1.2,5,6.0
1720,2025-04-21,Pasta,1.2,3,3.6
1721,2025-04-21,Bananas,0.3,3,0.9
1722,2025-04-21,Orange Juice,2.8,4,11.2
1723,2025-04-21,Apples,0.75,3,2.25
1724,2025-04-21,Rice,2.0,1,2.0
1725,2025-04-21,Chicken,5.0,1,5.0
1726,2025-04-21,Rice,2.0,3,6.0
1727,2025-04-21,Bananas,0.3,3,0.9
1728,2025-04-21,Eggs,2.5,5,12.5
1729,2025-04-21,Cheese,3.0,2,6.0
1730,2025-04-21,Rice,2.0,3,6.0
1731,2025-04-21,Apples,0.75,2,1.5
1732,2025-04-21,Chicken,5.0,5,25.0
1733,2025-04-21,Bananas,0.3,2,0.6
1734,2025-04-21,Apples,0.75,3,2.25
1735,2025-04-21,Bread,1.0,2,2.0
1736,2025-04-21,Cheese,3.0,4,12.0
1737,2025-04-21,Apples,0.75,4,3.0
1738,2025-04-21,Apples,0.75,3,2.25
1739,2025-04-21,Apples,0.75,3,2.25
1740,2025-04-21,Eggs,2.5,3,7.5
1741,2025-04-22,Milk,1.5,1,1.5
1742,2025-04-22,Orange Juice,2.8,3,8.4
1743,2025-04-22,Orange Juice,2.8,4,11.2
1744,2025-04-22,Cheese,3.0,4,12.0
1745,2025-04-22,Milk,1.5,2,3.0
1746,2025-04-22,Bread,1.0,4,4.0
1747,2025-04-22,Orange Juice,2.8,3,8.4
1748,2025-04-22,Cheese,3.0,2,6.0
1749,2025-04-22,Chicken,5.0,4,20.0
1750,2025-04-22,Orange Juice,2.8,3,8.4
1751,2025-04-22,Rice,2.0,2,4.0
1752,2025-04-22,Bananas,0.3,1,0.3
1753,2025-04-22,Milk,1.5,3,4.5
1754,2025-04-22,Milk,1.5,3,4.5
1755,2025-04-22,Bread,1.0,2,2.0
1756,2025-04-22,Cheese,3.0,1,3.0
1757,2025-04-22,Cheese,3.0,1,3.0
1758,2025-04-22,Eggs,2.5,5,12.5
1759,2025-04-22,Rice,2.0,2,4.0
1760,2025-04-22,Pasta,1.2,2,2.4
1761,2025-04-22,Chicken,5.0,3,15.0
1762,2025-04-22,Eggs,2.5,5,12.5
1763,2025-04-22,Eggs,2.5,1,2.5
1764,2025-04-22,Cheese,3.0,4,12.0
1765,2025-04-22,Milk,1.5,2,3.0
1766,2025-04-22,Milk,1.5,3,4.5
1767,2025-04-22,Rice,2.0,5,10.0
1768,2025-04-22,Milk,1.5,3,4.5
1769,2025-04-22,Orange Juice,2.8,3,8.4
1770,2025-04-22,Milk,1.5,4,6.0
1771,2025-04-22,Orange Juice,2.8,2,5.6
1772,2025-04-22,Orange Juice,2.8,5,14.0
1773,2025-04-22,Rice,2.0,2,4.0
1774,2025-04-22,Milk,1.5,5,7.5
1775,2025-04-22,Chicken,5.0,2,10.0
1776,2025-04-22,Chicken,5.0,2,10.0
1777,2025-04-22,Cheese,3.0,2,6.0
1778,2025-04-22,Chicken,5.0,5,25.0
1779,2025-04-22,Rice,2.0,4,8.0
1780,2025-04-22,Eggs,2.5,3,7.5
1781,2025-04-22,Eggs,2.5,5,12.5
1782,2025-04-23,Pasta,1.2,2,2.4
1783,2025-04-23,Cheese,3.0,2,6.0
1784,2025-04-23,Eggs,2.5,4,10.0
1785,2025-04-23,Rice,2.0,1,2.0
1786,2025-04-23,Bread,1.0,2,2.0
1787,2025-04-23,Eggs,2.5,3,7.5
1788,2025-04-23,Orange Juice,2.8,5,14.0
1789,2025-04-23,Apples,0.75,3,2.25
1790,2025-04-23,Pasta,1.2,3,3.6
1791,2025-04-23,Orange Juice,2.8,2,5.6
1792,2025-04-23,Orange Juice,2.8,4,11.2
1793,2025-04-23,Bread,1.0,2,2.0
1794,2025-04-23,Bananas,0.3,4,1.2
1795,2025-04-23,Bread,1.0,4,4.0
1796,2025-04-23,Rice,2.0,4,8.0
1797,2025-04-23,Orange Juice,2.8,1,2.8
1798,2025-04-23,Orange Juice,2.8,2,5.6
1799,2025-04-23,Eggs,2.5,5,12.5
1800,2025-04-23,Bananas,0.3,5,1.5
1801,2025-04-23,Orange Juice,2.8,2,5.6
1802,2025-04-23,Pasta,1.2,1,1.2
1803,2025-04-23,Milk,1.5,4,6.0
1804,2025-04-23,Pasta,1.2,2,2.4
1805,2025-04-23,Bread,1.0,4,4.0
1806,2025-04-23,Milk,1.5,3,4.5
1807,2025-04-23,Rice,2.0,3,6.0
1808,2025-04-23,Apples,0.75,3,2.25
1809,2025-04-23,Eggs,2.5,3,7.5
1810,2025-04-23,Milk,1.5,3,4.5
1811,2025-04-23,Eggs,2.5,1,2.5
1812,2025-04-23,Rice,2.0,3,6.0
1813,2025-04-23,Bread,1.0,5,5.0
1814,2025-04-23,Orange Juice,2.8,1,2.8
1815,2025-04-23,Eggs,2.5,4,10.0
1816,2025-04-23,Bananas,0.3,1,0.3
1817,2025-04-24,Rice,2.0,4,8.0
1818,2025-04-24,Apples,0.75,3,2.25
1819,2025-04-24,Rice,2.0,1,2.0
1820,2025-04-24,Chicken,5.0,3,15.0
1821,2025-04-24,Apples,0.75,5,3.75
1822,2025-04-24,Milk,1.5,3,4.5
1823,2025-04-24,Apples,0.75,5,3.75
1824,2025-04-24,Bread,1.0,4,4.0
1825,2025-04-24,Bread,1.0,2,2.0
1826,2025-04-24,Chicken,5.0,5,25.0
1827,2025-04-24,Eggs,2.5,1,2.5
1828,2025-04-24,Cheese,3.0,1,3.0
1829,2025-04-24,Rice,2.0,5,10.0
1830,2025-04-24,Milk,1.5,2,3.0
1831,2025-04-24,Pasta,1.2,3,3.6
1832,2025-04-24,Chicken,5.0,2,10.0
1833,2025-04-24,Bananas,0.3,4,1.2
1834,2025-04-24,Bread,1.0,2,2.0
1835,2025-04-24,Orange Juice,2.8,1,2.8
1836,2025-04-24,Orange Juice,2.8,5,14.0
1837,2025-04-24,Chicken,5.0,5,25.0
1838,2025-04-25,Milk,1.5,1,1.5
1839,2025-04-25,Milk,1.5,3,4.5
1840,2025-04-25,Cheese,3.0,4,12.0
1841,2025-04-25,Orange Juice,2.8,5,14.0
1842,2025-04-25,Pasta,1.2,3,3.6
1843,2025-04-25,Rice,2.0,5,10.0
1844,2025-04-25,Eggs,2.5,4,10.0
1845,2025-04-25,Rice,2.0,5,10.0
1846,2025-04-25,Rice,2.0,4,8.0
1847,2025-04-25,Chicken,5.0,3,15.0
1848,2025-04-25,Milk,1.5,3,4.5
1849,2025-04-25,Milk,1.5,2,3.0
1850,2025-04-25,Bananas,0.3,4,1.2
1851,2025-04-25,Chicken,5.0,4,20.0
1852,2025-04-25,Rice,2.0,2,4.0
1853,2025-04-25,Cheese,3.0,2,6.0
1854,2025-04-25,Eggs,2.5,2,5.0
1855,2025-04-25,Rice,2.0,3,6.0
1856,2025-04-25,Milk,1.5,5,7.5
1857,2025-04-25,Pasta,1.2,5,6.0
1858,2025-04-25,Apples,0.75,4,3.0
1859,2025-04-25,Pasta,1.2,5,6.0
1860,2025-04-25,Bananas,0.3,1,0.3
1861,2025-04-25,Apples,0.75,3,2.25
1862,2025-04-25,Chicken,5.0,1,5.0
1863,2025-04-25,Rice,2.0,5,10.0
1864,2025-04-25,Orange Juice,2.8,2,5.6
1865,2025-04-25,Bread,1.0,3,3.0
1866,2025-04-25,Orange Juice,2.8,1,2.8
1867,2025-04-25,Chicken,5.0,3,15.0
1868,2025-04-25,Bananas,0.3,4,1.2
1869,2025-04-25,Chicken,5.0,5,25.0
1870,2025-04-25,Bread,1.0,2,2.0
1871,2025-04-25,Chicken,5.0,4,20.0
1872,2025-04-25,Orange Juice,2.8,3,8.4
1873,2025-04-25,Bread,1.0,1,1.0
1874,2025-04-25,Bananas,0.3,1,0.3
1875,2025-04-25,Rice,2.0,2,4.0
1876,2025-04-25,Cheese,3.0,1,3.0
1877,2025-04-25,Bananas,0.3,1,0.3
1878,2025-04-25,Pasta,1.2,2,2.4
1879,2025-04-25,Orange Juice,2.8,4,11.2
1880,2025-04-25,Chicken,5.0,1,5.0
1881,2025-04-25,Eggs,2.5,3,7.5
1882,2025-04-25,Rice,2.0,1,2.0
1883,2025-04-25,Pasta,1.2,4,4.8
1884,2025-04-26,Chicken,5.0,2,10.0
1885,2025-04-26,Rice,2.0,5,10.0
1886,2025-04-26,Rice,2.0,1,2.0
1887,2025-04-26,Chicken,5.0,5,25.0
1888,2025-04-26,Pasta,1.2,2,2.4
1889,2025-04-26,Cheese,3.0,3,9.0
1890,2025-04-26,Chicken,5.0,2,10.0
1891,2025-04-26,Apples,0.75,4,3.0
1892,2025-04-26,Orange Juice,2.8,5,14.0
1893,2025-04-26,Pasta,1.2,3,3.6
1894,2025-04-26,Milk,1.5,2,3.0
1895,2025-04-26,Bread,1.0,1,1.0
1896,2025-04-26,Rice,2.0,5,10.0
1897,2025-04-26,Milk,1.5,1,1.5
1898,2025-04-26,Bananas,0.3,5,1.5
1899,2025-04-26,Apples,0.75,3,2.25
1900,2025-04-26,Chicken,5.0,5,25.0
1901,2025-04-26,Bread,1.0,2,2.0
1902,2025-04-26,Eggs,2.5,4,10.0
1903,2025-04-26,Bread,1.0,4,4.0
1904,2025-04-26,Bananas,0.3,2,0.6
1905,2025-04-26,Milk,1.5,1,1.5
1906,2025-04-26,Bread,1.0,2,2.0
1907,2025-04-26,Orange Juice,2.8,1,2.8
1908,2025-04-26,Orange Juice,2.8,3,8.4
1909,2025-04-26,Orange Juice,2.8,1,2.8
1910,2025-04-26,Apples,0.75,2,1.5
1911,2025-04-26,Bananas,0.3,5,1.5
1912,2025-04-26,Chicken,5.0,2,10.0
1913,2025-04-26,Bread,1.0,1,1.0
1914,2025-04-26,Milk,1.5,1,1.5
1915,2025-04-26,Eggs,2.5,4,10.0
1916,2025-04-26,Apples,0.75,2,1.5
1917,2025-04-26,Chicken,5.0,2,10.0
1918,2025-04-26,Rice,2.0,4,8.0
1919,2025-04-26,Cheese,3.0,4,12.0
1920,2025-04-26,Cheese,3.0,4,12.0
1921,2025-04-27,Orange Juice,2.8,3,8.4
1922,2025-04-27,Orange Juice,2.8,5,14.0
1923,2025-04-27,Eggs,2.5,5,12.5
1924,2025-04-27,Apples,0.75,1,0.75
1925,2025-04-27,Chicken,5.0,4,20.0
1926,2025-04-27,Bananas,0.3,2,0.6
1927,2025-04-27,Bananas,0.3,5,1.5
1928,2025-04-27,Apples,0.75,4,3.0
1929,2025-04-27,Pasta,1.2,3,3.6
1930,2025-04-27,Bread,1.0,3,3.0
1931,2025-04-27,Bread,1.0,3,3.0
1932,2025-04-27,Cheese,3.0,5,15.0
1933,2025-04-27,Apples,0.75,3,2.25
1934,2025-04-27,Milk,1.5,3,4.5
1935,2025-04-27,Eggs,2.5,1,2.5
1936,2025-04-27,Cheese,3.0,4,12.0
1937,2025-04-27,Apples,0.75,4,3.0
1938,2025-04-27,Orange Juice,2.8,5,14.0
1939,2025-04-27,Chicken,5.0,2,10.0
1940,2025-04-27,Orange Juice,2.8,4,11.2
1941,2025-04-27,Apples,0.75,5,3.75
1942,2025-04-27,Orange Juice,2.8,2,5.6
1943,2025-04-27,Milk,1.5,5,7.5
1944,2025-04-27,Chicken,5.0,5,25.0
1945,2025-04-27,Cheese,3.0,4,12.0
1946,2025-04-27,Chicken,5.0,2,10.0
1947,2025-04-27,Cheese,3.0,4,12.0
1948,2025-04-27,Pasta,1.2,5,6.0
1949,2025-04-27,Milk,1.5,4,6.0
1950,2025-04-27,Rice,2.0,4,8.0
1951,2025-04-27,Chicken,5.0,4,20.0
1952,2025-04-27,Rice,2.0,1,2.0
1953,2025-04-27,Milk,1.5,4,6.0
1954,2025-04-27,Eggs,2.5,2,5.0
1955,2025-04-27,Eggs,2.5,4,10.0
1956,2025-04-27,Chicken,5.0,2,10.0
1957,2025-04-27,Cheese,3.0,4,12.0
1958,2025-04-28,Bananas,0.3,3,0.9
1959,2025-04-28,Eggs,2.5,2,5.0
1960,2025-04-28,Cheese,3.0,1,3.0
1961,2025-04-28,Pasta,1.2,2,2.4
1962,2025-04-28,Orange Juice,2.8,3,8.4
1963,2025-04-28,Orange Juice,2.8,4,11.2
1964,2025-04-28,Orange Juice,2.8,3,8.4
1965,2025-04-28,Pasta,1.2,4,4.8
1966,2025-04-28,Rice,2.0,3,6.0
1967,2025-04-28,Pasta,1.2,5,6.0
1968,2025-04-28,Rice,2.0,1,2.0
1969,2025-04-28,Milk,1.5,4,6.0
1970,2025-04-28,Bread,1.0,2,2.0
1971,2025-04-28,Apples,0.75,3,2.25
1972,2025-04-28,Chicken,5.0,5,25.0
1973,2025-04-28,Chicken,5.0,5,25.0
1974,2025-04-28,Orange Juice,2.8,2,5.6
1975,2025-04-28,Pasta,1.2,2,2.4
1976,2025-04-28,Milk,1.5,4,6.0
1977,2025-04-28,Bread,1.0,3,3.0
1978,2025-04-28,Bread,1.0,5,5.0
1979,2025-04-28,Cheese,3.0,1,3.0
1980,2025-04-28,Apples,0.75,5,3.75
1981,2025-04-28,Eggs,2.5,2,5.0
1982,2025-04-28,Orange Juice,2.8,4,11.2
1983,2025-04-28,Apples,0.75,4,3.0
1984,2025-04-28,Bananas,0.3,4,1.2
1985,2025-04-28,Apples,0.75,3,2.25
1986,2025-04-28,Orange Juice,2.8,4,11.2
1987,2025-04-28,Orange Juice,2.8,5,14.0
1988,2025-04-28,Pasta,1.2,5,6.0
1989,2025-04-28,Bananas,0.3,4,1.2
1990,2025-04-28,Bread,1.0,1,1.0
1991,2025-04-28,Rice,2.0,3,6.0
1992,2025-04-28,Rice,2.0,4,8.0
1993,2025-04-28,Pasta,1.2,3,3.6
1994,2025-04-28,Rice,2.0,1,2.0
1995,2025-04-28,Bread,1.0,2,2.0
1996,2025-04-28,Pasta,1.2,2,2.4
1997,2025-04-28,Chicken,5.0,3,15.0
1998,2025-04-28,Milk,1.5,2,3.0
1999,2025-04-28,Chicken,5.0,4,20.0
2000,2025-04-28,Orange Juice,2.8,3,8.4
2001,2025-04-28,Apples,0.75,4,3.0
2002,2025-04-29,Rice,2.0,2,4.0
2003,2025-04-29,Bananas,0.3,3,0.9
2004,2025-04-29,Chicken,5.0,4,20.0
2005,2025-04-29,Bananas,0.3,1,0.3
2006,2025-04-29,Eggs,2.5,4,10.0
2007,2025-04-29,Apples,0.75,3,2.25
2008,2025-04-29,Pasta,1.2,4,4.8
2009,2025-04-29,Orange Juice,2.8,2,5.6
2010,2025-04-29,Eggs,2.5,3,7.5
2011,2025-04-29,Pasta,1.2,2,2.4
2012,2025-04-29,Bread,1.0,2,2.0
2013,2025-04-29,Chicken,5.0,5,25.0
2014,2025-04-29,Eggs,2.5,4,10.0
2015,2025-04-29,Cheese,3.0,4,12.0
2016,2025-04-29,Bananas,0.3,2,0.6
2017,2025-04-29,Bananas,0.3,1,0.3
2018,2025-04-29,Milk,1.5,1,1.5
2019,2025-04-29,Chicken,5.0,3,15.0
2020,2025-04-29,Orange Juice,2.8,3,8.4
2021,2025-04-29,Pasta,1.2,1,1.2
2022,2025-04-29,Rice,2.0,4,8.0
2023,2025-04-29,Chicken,5.0,4,20.0
2024,2025-04-29,Apples,0.75,5,3.75
2025,2025-04-29,Milk,1.5,4,6.0
2026,2025-04-29,Bananas,0.3,3,0.9
2027,2025-04-29,Cheese,3.0,3,9.0
2028,2025-04-29,Apples,0.75,4,3.0
2029,2025-04-29,Cheese,3.0,2,6.0
2030,2025-04-29,Bread,1.0,2,2.0
2031,2025-04-29,Bananas,0.3,5,1.5
2032,2025-04-29,Orange Juice,2.8,4,11.2
2033,2025-04-29,Rice,2.0,4,8.0
2034,2025-04-29,Eggs,2.5,4,10.0
2035,2025-04-29,Orange Juice,2.8,3,8.4
2036,2025-04-29,Chicken,5.0,1,5.0
2037,2025-04-29,Chicken,5.0,4,20.0
2038,2025-04-29,Eggs,2.5,5,12.5
2039,2025-04-29,Bread,1.0,3,3.0
2040,2025-04-29,Rice,2.0,4,8.0
2041,2025-04-29,Milk,1.5,3,4.5
2042,2025-04-29,Chicken,5.0,1,5.0
2043,2025-04-29,Chicken,5.0,3,15.0
2044,2025-04-29,Rice,2.0,2,4.0
2045,2025-04-29,Bread,1.0,5,5.0
2046,2025-04-29,Eggs,2.5,1,2.5
2047,2025-04-29,Eggs,2.5,4,10.0
2048,2025-04-29,Milk,1.5,3,4.5
2049,2025-04-29,Milk,1.5,5,7.5
2050,2025-04-29,Orange Juice,2.8,5,14.0
2051,2025-04-30,Bananas,0.3,2,0.6
2052,2025-04-30,Eggs,2.5,2,5.0
2053,2025-04-30,Eggs,2.5,3,7.5
2054,2025-04-30,Milk,1.5,2,3.0
2055,2025-04-30,Chicken,5.0,4,20.0
2056,2025-04-30,Cheese,3.0,1,3.0
2057,2025-04-30,Milk,1.5,3,4.5
2058,2025-04-30,Eggs,2.5,1,2.5
2059,2025-04-30,Eggs,2.5,4,10.0
2060,2025-04-30,Cheese,3.0,2,6.0
2061,2025-04-30,Cheese,3.0,5,15.0
2062,2025-04-30,Apples,0.75,4,3.0
2063,2025-04-30,Bread,1.0,2,2.0
2064,2025-04-30,Orange Juice,2.8,3,8.4
2065,2025-04-30,Apples,0.75,3,2.25
2066,2025-04-30,Eggs,2.5,4,10.0
2067,2025-04-30,Apples,0.75,3,2.25
2068,2025-04-30,Orange Juice,2.8,3,8.4
2069,2025-04-30,Chicken,5.0,1,5.0
2070,2025-04-30,Bread,1.0,4,4.0
2071,2025-04-30,Eggs,2.5,1,2.5
2072,2025-04-30,Milk,1.5,1,1.5
2073,2025-04-30,Bread,1.0,5,5.0
2074,2025-04-30,Apples,0.75,1,0.75
2075,2025-04-30,Milk,1.5,3,4.5
2076,2025-04-30,Orange Juice,2.8,5,14.0
2077,2025-04-30,Eggs,2.5,2,5.0
2078,2025-04-30,Rice,2.0,1,2.0
2079,2025-04-30,Bread,1.0,5,5.0
2080,2025-04-30,Rice,2.0,3,6.0
2081,2025-04-30,Orange Juice,2.8,5,14.0
2082,2025-04-30,Pasta,1.2,4,4.8
2083,2025-04-30,Pasta,1.2,4,4.8
2084,2025-04-30,Milk,1.5,5,7.5
